,view_date,category,views
0,16/07/2020,UYoung,71.372
1,09/11/2020,UYoung,96.53
2,25/12/2020,UYoung,41.96
3,02/02/2020,Other,59.97
4,02/02/2020,Acquisition,78.304
5,02/02/2020,Acquisition,21.456
6,06/11/2020,Acquisition,46.26
7,06/07/2020,Acquisition,2.946
8,06/07/2020,Acquisition,16.055999999999994
9,24/06/2020,Acquisition,21.744
10,01/12/2020,Other,20.37
11,01/12/2020,Acquisition,221.55
12,01/12/2020,Acquisition,17.52
13,09/12/2020,Acquisition,37.208
14,09/12/2020,Acquisition,57.576
15,13/10/2020,Acquisition,11.648
16,13/10/2020,Acquisition,18.176
17,13/10/2020,Acquisition,59.711999999999996
18,13/10/2020,Acquisition,24.84
19,08/07/2020,Acquisition,7.56
20,08/07/2020,Acquisition,24.56
21,08/07/2020,Acquisition,12.96
22,25/09/2020,Acquisition,20.7
23,25/09/2020,UYoung,488.64599999999996
24,25/09/2020,Acquisition,5.56
25,25/09/2020,UYoung,47.12
26,27/08/2020,UYoung,1488.424
27,11/12/2020,Acquisition,23.36
28,11/12/2020,Other,39.98
29,17/10/2020,Acquisition,49.96
30,17/10/2020,Acquisition,12.96
31,24/12/2020,Acquisition,35.91
32,19/10/2020,UYoung,56.56
33,19/10/2020,Acquisition,32.7
34,20/01/2020,UYoung,207.84599999999998
35,20/10/2020,UYoung,284.3640000000001
36,20/10/2020,Acquisition,665.408
37,12/11/2020,Acquisition,15.92
38,19/11/2020,Acquisition,41.28
39,19/11/2020,Acquisition,13.36
40,28/12/2020,Acquisition,72.45
41,28/12/2020,Acquisition,13.96
42,28/12/2020,Acquisition,33.264
43,28/12/2020,Other,14.85
44,14/11/2020,Other,119.94
45,14/11/2020,Acquisition,3.648
46,18/08/2020,UYoung,40.48
47,18/08/2020,UYoung,9.94
48,18/08/2020,Acquisition,107.42399999999999
49,18/08/2020,Other,37.91
50,18/08/2020,UYoung,88.02
51,15/09/2020,UYoung,35.56
52,21/07/2020,Acquisition,6.48
53,19/06/2020,Acquisition,97.82
54,19/06/2020,Other,103.12
55,25/12/2020,UYoung,191.984
56,02/09/2020,UYoung,15.072000000000001
57,19/05/2020,Acquisition,281.34
58,19/05/2020,Other,307.98
59,19/05/2020,Other,299.97
60,24/09/2020,UYoung,103.056
61,23/07/2020,Acquisition,13.128
62,20/06/2020,Other,239.97
63,20/06/2020,Acquisition,9.82
64,01/01/2020,UYoung,48.896
65,10/04/2020,Acquisition,7.61
66,10/04/2020,Acquisition,7.16
67,30/11/2020,Acquisition,68.472
68,30/11/2020,UYoung,1242.9
69,14/10/2020,Acquisition,37.66
70,20/06/2020,Other,149.95
71,20/06/2020,Acquisition,51.312
72,29/10/2020,Acquisition,46.96
73,30/12/2020,UYoung,323.13599999999997
74,30/12/2020,Other,90.93
75,30/12/2020,Acquisition,52.776
76,14/04/2020,Acquisition,14.592
77,14/04/2020,Acquisition,89.85600000000002
78,14/04/2020,Acquisition,13.872
79,02/09/2020,Acquisition,12.192
80,28/11/2020,UYoung,516.488
81,28/11/2020,UYoung,1007.232
82,28/11/2020,UYoung,2065.32
83,28/11/2020,Acquisition,15.552
84,28/11/2020,Acquisition,25.344
85,03/04/2020,UYoung,25.471999999999998
86,09/04/2020,Acquisition,9.82
87,09/04/2020,Acquisition,35.97
88,09/04/2020,Acquisition,12.96
89,09/04/2020,Acquisition,191.6
90,09/04/2020,Acquisition,8.64
91,09/04/2020,Acquisition,501.81
92,05/10/2020,Other,160.93
93,05/10/2020,Acquisition,75.792
94,21/05/2020,UYoung,520.05
95,21/05/2020,Acquisition,17.97
96,14/11/2020,Acquisition,8.64
97,08/12/2020,UYoung,109.48
98,08/12/2020,Acquisition,272.94
99,08/12/2020,Acquisition,19.44
100,08/12/2020,Acquisition,31.92
101,09/09/2020,UYoung,141.372
102,09/09/2020,Acquisition,3.036
103,09/09/2020,Acquisition,4.503
104,09/09/2020,Acquisition,4.672
105,09/09/2020,Other,95.88
106,09/09/2020,UYoung,17.024
107,09/09/2020,Other,258.69599999999997
108,09/09/2020,Other,1931.9579999999999
109,18/12/2020,Acquisition,38.82
110,18/12/2020,UYoung,1141.938
111,18/12/2020,Acquisition,1704.56
112,18/12/2020,Acquisition,3.2
113,10/03/2020,Acquisition,5.247999999999998
114,10/03/2020,Other,35.91
115,10/03/2020,UYoung,6.6960000000000015
116,10/03/2020,UYoung,43.872
117,07/07/2020,Acquisition,17.472
118,10/12/2020,Other,14.2
119,03/02/2020,Acquisition,5.229
120,03/02/2020,Acquisition,285.552
121,02/06/2020,Other,2.97
122,02/06/2020,Acquisition,27.44
123,31/03/2020,UYoung,29.78
124,31/03/2020,Other,677.58
125,31/03/2020,Acquisition,75.04
126,19/10/2020,Acquisition,123.256
127,19/10/2020,Acquisition,23.68
128,19/10/2020,Other,309.57599999999996
129,07/03/2020,Other,49.08
130,26/11/2020,Other,220.752
131,20/06/2020,Acquisition,31.104
132,20/06/2020,Acquisition,5.247999999999998
133,12/04/2020,Acquisition,29.7
134,12/04/2020,Acquisition,39.96
135,19/03/2020,Acquisition,28.91
136,30/04/2020,Acquisition,62.96
137,24/11/2020,Acquisition,5.88
138,24/11/2020,UYoung,977.2919999999999
139,24/12/2020,Acquisition,17.88
140,11/12/2020,UYoung,63.68600000000001
141,15/09/2020,Other,39.99
142,15/09/2020,Acquisition,16.28
143,15/09/2020,UYoung,782.94
144,15/09/2020,Acquisition,242.48
145,04/09/2020,Other,91.96
146,30/06/2020,UYoung,1044.63
147,08/05/2020,UYoung,47.992
148,16/10/2020,UYoung,547.3
149,30/11/2020,Acquisition,155.94
150,21/06/2020,UYoung,17.92
151,21/06/2020,Acquisition,41.256
152,30/04/2020,Other,677.58
153,30/04/2020,Acquisition,13.895999999999999
154,24/04/2020,Acquisition,99.28
155,24/04/2020,Acquisition,1.188
156,24/04/2020,Acquisition,7.518
157,10/12/2020,Acquisition,10.368
158,10/12/2020,UYoung,310.88
159,29/04/2020,UYoung,1048.35
160,30/10/2020,Acquisition,20.736
161,30/10/2020,UYoung,7.1679999999999975
162,30/10/2020,Acquisition,11.168
163,30/10/2020,Other,442.4
164,27/08/2020,Acquisition,63.84
165,27/08/2020,Other,347.97
166,27/08/2020,Acquisition,37.008
167,22/09/2020,Acquisition,5.607
168,22/09/2020,Acquisition,4663.736
169,22/09/2020,Other,79.984
170,20/11/2020,UYoung,77.6
171,20/11/2020,UYoung,4.6560000000000015
172,12/01/2020,Acquisition,40.08
173,12/01/2020,UYoung,37.68
174,26/03/2020,UYoung,257.568
175,26/03/2020,Other,119.96
176,12/11/2020,Other,370.782
177,18/12/2020,UYoung,18.96
178,17/08/2020,Acquisition,895.92
179,17/08/2020,UYoung,462.564
180,02/09/2020,Acquisition,23.1
181,02/09/2020,UYoung,11.54
182,02/09/2020,UYoung,254.52599999999998
183,02/09/2020,Acquisition,12.98
184,02/09/2020,Acquisition,26.432
185,02/09/2020,Other,197.97
186,02/09/2020,Acquisition,18.9
187,02/09/2020,UYoung,1282.41
188,02/09/2020,Acquisition,4.92
189,02/09/2020,Other,238.0
190,02/09/2020,Other,167.97
191,02/09/2020,Acquisition,17.12
192,21/12/2020,Other,281.97
193,21/12/2020,Acquisition,69.5
194,21/12/2020,Acquisition,166.44
195,24/02/2020,Acquisition,4.956
196,18/11/2020,Acquisition,38.864000000000004
197,12/09/2020,Acquisition,39.9
198,12/09/2020,Acquisition,90.86
199,12/09/2020,Acquisition,94.85
200,15/07/2020,Acquisition,26.55
201,15/07/2020,UYoung,310.443
202,24/03/2020,Acquisition,221.92
203,24/03/2020,Other,26.0
204,01/12/2020,Acquisition,104.68
205,01/12/2020,Other,62.958
206,16/11/2020,Acquisition,146.82
207,31/03/2020,Other,84.95
208,27/01/2020,Acquisition,14.015999999999998
209,27/01/2020,Other,71.976
210,27/01/2020,Other,107.98200000000001
211,21/11/2020,UYoung,27.42
212,31/07/2020,Acquisition,54.816
213,05/12/2020,Other,205.03
214,20/12/2020,Acquisition,6.48
215,20/12/2020,Acquisition,6.984
216,01/06/2020,Acquisition,17.48
217,23/12/2020,UYoung,181.95
218,05/11/2020,Other,390.75
219,10/12/2020,Acquisition,10.86
220,10/12/2020,Acquisition,426.79
221,16/04/2020,Acquisition,13.71
222,10/02/2020,Acquisition,23.12
223,07/07/2020,Other,252.0
224,25/12/2020,Other,158.928
225,25/12/2020,Acquisition,13.023
226,25/12/2020,UYoung,273.06
227,25/12/2020,Acquisition,39.312
228,17/03/2020,Acquisition,18.75
229,17/03/2020,Other,119.7
230,17/03/2020,Acquisition,9.144
231,17/03/2020,Other,57.06
232,17/03/2020,Other,71.6
233,17/03/2020,Acquisition,107.44
234,17/03/2020,Acquisition,7.31
235,17/03/2020,Acquisition,59.1
236,17/03/2020,Acquisition,46.53
237,15/08/2020,Acquisition,97.84
238,03/12/2020,Acquisition,83.92
239,03/12/2020,Acquisition,14.624
240,03/12/2020,Other,136.99
241,03/12/2020,Acquisition,3.15
242,02/05/2020,UYoung,129.93
243,15/08/2020,Acquisition,1801.632
244,07/09/2020,Acquisition,478.08
245,27/12/2020,Other,164.388
246,27/12/2020,Acquisition,13.248
247,30/06/2020,Acquisition,248.57
248,30/06/2020,UYoung,22.23
249,23/04/2020,Acquisition,121.94
250,23/04/2020,Acquisition,122.71
251,22/10/2020,Other,11199.968
252,22/10/2020,Other,2399.6
253,22/10/2020,Acquisition,63.9
254,22/10/2020,Other,52.99
255,13/11/2020,Other,60.864
256,13/11/2020,Other,652.995
257,13/11/2020,Acquisition,11.22
258,12/06/2020,Acquisition,19.04
259,12/06/2020,Acquisition,13.128
260,12/06/2020,Acquisition,64.14
261,12/06/2020,UYoung,858.24
262,28/11/2020,Other,1979.89
263,28/11/2020,Acquisition,79.96
264,04/12/2020,Acquisition,5.346
265,11/07/2020,Other,132.6
266,09/10/2020,UYoung,45.88800000000001
267,29/07/2020,Acquisition,60.12
268,07/11/2020,Other,359.97
269,07/11/2020,UYoung,350.352
270,22/12/2020,Acquisition,1.641
271,22/12/2020,Other,629.9580000000002
272,22/06/2020,Acquisition,10.332
273,22/06/2020,Acquisition,31.155
274,22/06/2020,Acquisition,8.927999999999997
275,15/01/2020,Acquisition,34.384
276,15/01/2020,Acquisition,1924.16
277,11/11/2020,Acquisition,10.368
278,06/05/2020,Acquisition,59.2
279,18/05/2020,Other,36.048
280,17/11/2020,Acquisition,50.94
281,20/08/2020,Acquisition,40.29
282,29/12/2020,Acquisition,6.03
283,23/10/2020,Acquisition,11.56
284,23/10/2020,Acquisition,26.4
285,23/10/2020,UYoung,69.08
286,23/10/2020,Other,35.88
287,27/06/2020,UYoung,191.646
288,04/05/2020,Acquisition,2.313
289,04/12/2020,UYoung,188.55200000000002
290,03/10/2020,Acquisition,22.58
291,16/12/2020,Acquisition,33.376
292,13/10/2020,Acquisition,904.9
293,22/04/2020,UYoung,254.352
294,16/09/2020,Acquisition,20.736
295,30/11/2020,Acquisition,663.936
296,14/04/2020,Acquisition,10.776
297,14/04/2020,UYoung,242.352
298,22/12/2020,Acquisition,695.16
299,22/12/2020,UYoung,220.98
300,23/03/2020,Acquisition,25.68
301,08/09/2020,Other,258.528
302,02/10/2020,Acquisition,49.12
303,25/09/2020,Other,119.96
304,25/09/2020,Acquisition,10.607999999999999
305,10/09/2020,Acquisition,18.76
306,05/12/2020,UYoung,20.94
307,05/12/2020,UYoung,58.68
308,05/12/2020,Acquisition,254.9
309,09/11/2020,Acquisition,9.64
310,09/11/2020,Other,826.62
311,09/11/2020,Acquisition,1633.14
312,09/11/2020,Acquisition,544.38
313,12/03/2020,Other,69.93
314,02/10/2020,Other,65.99
315,22/07/2020,Other,29.97
316,18/12/2020,Acquisition,18.704
317,10/11/2020,Acquisition,931.176
318,10/11/2020,Other,430.88
319,01/09/2020,UYoung,114.9
320,17/04/2020,UYoung,60.312
321,01/10/2020,Other,1704.89
322,24/12/2020,UYoung,271.764
323,24/12/2020,Acquisition,14.376
324,23/11/2020,UYoung,24.048000000000002
325,10/06/2020,Acquisition,40.032
326,30/04/2020,Acquisition,10.368
327,03/07/2020,Acquisition,32.896
328,03/07/2020,UYoung,215.148
329,03/07/2020,Acquisition,30.96
330,19/11/2020,Acquisition,16.74
331,19/11/2020,Acquisition,2504.74
332,16/09/2020,Other,71.976
333,16/09/2020,UYoung,22.511999999999997
334,16/09/2020,Acquisition,3.444
335,16/09/2020,Acquisition,538.194
336,16/09/2020,Other,47.983999999999995
337,12/11/2020,Acquisition,10.847999999999999
338,12/11/2020,Other,18.544
339,23/11/2020,Acquisition,7.476
340,04/09/2020,Acquisition,8.256
341,04/09/2020,Acquisition,25.56
342,04/09/2020,Acquisition,4.368
343,04/09/2020,Acquisition,11.52
344,07/08/2020,Acquisition,11.68
345,07/08/2020,Acquisition,104.8
346,24/09/2020,Other,1169.694
347,09/12/2020,Acquisition,2.6239999999999997
348,21/08/2020,Acquisition,277.4
349,21/08/2020,UYoung,25.16
350,21/08/2020,UYoung,91.92
351,26/11/2020,Acquisition,52.272
352,26/11/2020,Acquisition,213.136
353,08/09/2020,Other,9.096
354,03/07/2020,Other,258.9
355,03/07/2020,Acquisition,24.56
356,06/11/2020,UYoung,127.37200000000001
357,06/11/2020,Acquisition,47.952
358,13/11/2020,Other,163.96
359,24/12/2020,UYoung,37.93
360,06/03/2020,Acquisition,26.38
361,06/03/2020,UYoung,71.97
362,12/05/2020,Acquisition,87.6
363,16/02/2020,Acquisition,37.94
364,26/12/2020,Acquisition,3.1319999999999997
365,09/10/2020,Acquisition,12.815999999999999
366,09/10/2020,UYoung,314.3520000000001
367,09/10/2020,Acquisition,18.98
368,09/10/2020,Acquisition,18.24
369,07/12/2020,Other,127.984
370,18/09/2020,Acquisition,19.44
371,18/09/2020,UYoung,9.82
372,18/05/2020,UYoung,14.56
373,18/05/2020,Acquisition,3.048
374,15/01/2020,Acquisition,12.7
375,08/04/2020,Acquisition,2591.56
376,08/04/2020,Acquisition,41.95
377,21/11/2020,Acquisition,8.448
378,21/11/2020,Acquisition,39.296
379,24/06/2020,UYoung,276.69
380,24/06/2020,UYoung,172.764
381,16/05/2020,Acquisition,221.024
382,04/09/2020,Other,19.04
383,01/12/2020,Acquisition,37.391999999999996
384,01/12/2020,UYoung,79.12
385,07/09/2020,Acquisition,29.24
386,07/09/2020,Acquisition,15.552
387,07/09/2020,Acquisition,4.896
388,14/05/2020,Other,539.97
389,14/05/2020,Acquisition,22.58
390,06/10/2020,Other,319.96
391,06/10/2020,Acquisition,17.04
392,06/10/2020,Acquisition,344.91
393,17/11/2020,Other,10499.97
394,29/08/2020,Acquisition,9.408
395,28/11/2020,Acquisition,1.64
396,28/11/2020,UYoung,1049.2
397,28/11/2020,UYoung,20.9
398,28/10/2020,Acquisition,47.98
399,15/10/2020,Acquisition,13.05
400,03/11/2020,Acquisition,11.673
401,10/03/2020,Other,53.982
402,01/04/2020,Acquisition,42.93
403,11/04/2020,Acquisition,16.768
404,11/04/2020,Other,27.12
405,20/11/2020,Acquisition,46.76
406,20/11/2020,UYoung,183.968
407,20/11/2020,Other,1259.97
408,20/11/2020,Acquisition,68.97
409,19/08/2020,Acquisition,387.99
410,14/09/2020,Acquisition,70.95
411,24/11/2020,Acquisition,16.38
412,24/11/2020,Acquisition,167.96
413,24/11/2020,UYoung,321.568
414,24/11/2020,Acquisition,12.96
415,08/05/2020,UYoung,128.058
416,29/09/2020,UYoung,63.68600000000001
417,29/09/2020,Other,239.976
418,29/09/2020,UYoung,344.22
419,29/09/2020,Acquisition,15.552
420,29/09/2020,UYoung,21.248
421,29/09/2020,Acquisition,8.448
422,02/12/2020,Acquisition,631.1759999999998
423,17/07/2020,Other,269.98
424,17/07/2020,Acquisition,99.9
425,17/07/2020,UYoung,39.08
426,08/09/2020,Other,116.83200000000001
427,30/04/2020,Acquisition,5.76
428,17/02/2020,Acquisition,11.76
429,17/02/2020,Acquisition,166.45
430,27/03/2020,UYoung,15.008
431,30/03/2020,Acquisition,5.715
432,21/09/2020,Acquisition,1.9080000000000001
433,07/11/2020,Acquisition,100.94
434,13/07/2020,Other,39.594
435,13/07/2020,UYoung,91.008
436,08/06/2020,Acquisition,10.36
437,01/06/2020,Acquisition,3.798
438,01/06/2020,Acquisition,27.744
439,01/06/2020,Other,158.376
440,26/06/2020,Other,239.97
441,24/11/2020,Other,89.988
442,24/11/2020,Acquisition,229.544
443,07/03/2020,Acquisition,25.92
444,07/03/2020,Acquisition,91.59
445,10/09/2020,Acquisition,14.88
446,01/12/2020,Acquisition,19.44
447,01/12/2020,UYoung,897.15
448,21/07/2020,Acquisition,33.93
449,21/07/2020,Acquisition,222.32
450,21/07/2020,Other,210.56400000000002
451,23/03/2020,Acquisition,347.58
452,22/09/2020,Other,391.98
453,25/07/2020,Acquisition,3.304
454,11/11/2020,Acquisition,35.48
455,26/11/2020,Acquisition,58.73
456,26/11/2020,Acquisition,93.344
457,29/09/2020,Acquisition,23.34
458,29/09/2020,Acquisition,51.55
459,12/09/2020,Acquisition,45.36
460,12/09/2020,Acquisition,45.78
461,10/06/2020,Acquisition,8.4
462,20/10/2020,Acquisition,45.528
463,16/11/2020,Other,52.44
464,27/07/2020,UYoung,14.89
465,27/07/2020,Other,543.92
466,10/09/2020,Acquisition,85.056
467,26/06/2020,Other,358.2
468,26/06/2020,Other,545.9159999999998
469,24/08/2020,Acquisition,24.671999999999997
470,24/08/2020,Acquisition,3.7439999999999998
471,20/01/2020,Acquisition,3.52
472,21/10/2020,Acquisition,161.56799999999996
473,21/10/2020,Acquisition,4.064
474,21/10/2020,Acquisition,6.216
475,28/04/2020,Acquisition,8.384
476,28/04/2020,Acquisition,6.848
477,14/07/2020,Acquisition,9.248
478,12/06/2020,Other,63.92
479,15/07/2020,Acquisition,6.56
480,15/07/2020,Acquisition,7.83
481,15/07/2020,Other,41.9
482,15/07/2020,UYoung,664.1460000000002
483,15/07/2020,Acquisition,8.96
484,02/11/2020,UYoung,3.312
485,02/11/2020,Acquisition,20.136
486,02/11/2020,Acquisition,8.856
487,02/11/2020,Other,859.2
488,04/12/2020,UYoung,239.96
489,04/12/2020,UYoung,54.768
490,04/12/2020,Acquisition,13.392000000000001
491,04/12/2020,Acquisition,23.92
492,04/12/2020,Other,255.968
493,22/09/2020,Acquisition,67.4
494,04/10/2020,UYoung,19.98
495,30/11/2020,Acquisition,83.56
496,30/11/2020,Other,546.06
497,30/11/2020,Acquisition,269.49
498,19/11/2020,Acquisition,59.913000000000004
499,24/09/2020,Other,391.98
500,24/09/2020,Other,437.85
501,13/02/2020,Acquisition,25.02
502,13/02/2020,Acquisition,10.71
503,25/03/2020,Acquisition,11.05
504,02/04/2020,Acquisition,11.12
505,14/04/2020,UYoung,74.45
506,06/10/2020,Acquisition,40.99
507,22/09/2020,Acquisition,40.176
508,29/06/2020,UYoung,638.82
509,29/06/2020,Acquisition,30.69
510,29/06/2020,UYoung,25.16
511,18/11/2020,Other,74.95
512,12/05/2020,Acquisition,10.272
513,03/09/2020,Acquisition,419.4
514,03/09/2020,UYoung,90.801
515,03/09/2020,UYoung,181.764
516,03/09/2020,Acquisition,5.56
517,08/10/2020,Acquisition,42.76
518,07/07/2020,UYoung,87.21
519,07/07/2020,Acquisition,15.552
520,07/07/2020,Other,683.988
521,07/07/2020,Acquisition,13.392000000000001
522,07/07/2020,Other,16.776
523,07/07/2020,Other,527.92
524,06/02/2020,UYoung,240.78400000000002
525,16/09/2020,Acquisition,20.544
526,11/12/2020,Other,128.85
527,24/04/2020,Other,69.98
528,24/08/2020,Acquisition,646.2719999999998
529,24/08/2020,Acquisition,10.368
530,23/04/2020,Acquisition,54.9
531,13/08/2020,Acquisition,17.544
532,20/09/2020,UYoung,272.64599999999996
533,20/09/2020,Other,212.8
534,20/09/2020,Acquisition,38.52
535,20/09/2020,Other,72.64
536,20/09/2020,Acquisition,45.4
537,20/09/2020,Acquisition,13.76
538,20/09/2020,UYoung,80.991
539,20/09/2020,Acquisition,11.784
540,20/09/2020,Acquisition,4.36
541,20/09/2020,UYoung,2888.127
542,20/09/2020,Other,1299.66
543,20/09/2020,UYoung,2254.41
544,20/09/2020,Other,104.85
545,20/09/2020,Other,59.97
546,22/08/2020,UYoung,314.532
547,09/07/2020,Acquisition,274.8
548,09/07/2020,Acquisition,195.64
549,09/07/2020,Other,257.98
550,09/07/2020,Acquisition,119.04
551,20/04/2020,UYoung,51.968
552,20/04/2020,Acquisition,51.33600000000001
553,20/04/2020,Acquisition,332.704
554,20/04/2020,UYoung,42.408
555,21/10/2020,Other,329.98800000000006
556,21/10/2020,Acquisition,71.376
557,01/12/2020,UYoung,7.7120000000000015
558,29/09/2020,Acquisition,51.168
559,28/05/2020,UYoung,247.44
560,02/11/2020,Acquisition,384.592
561,23/07/2020,Acquisition,41.4
562,12/05/2020,Acquisition,5.904
563,05/05/2020,Acquisition,6.68
564,16/02/2020,Acquisition,579.51
565,16/02/2020,Other,14.99
566,05/10/2020,Other,87.8
567,05/10/2020,UYoung,221.382
568,05/10/2020,Other,5199.96
569,20/10/2020,Acquisition,24.55
570,04/04/2020,Other,41.22
571,04/04/2020,Acquisition,240.37
572,04/04/2020,Other,119.02
573,03/10/2020,UYoung,83.92
574,03/10/2020,Acquisition,6.63
575,03/10/2020,Other,371.97
576,10/04/2020,Other,99.99
577,10/04/2020,Acquisition,286.15
578,06/08/2020,Other,824.95
579,06/08/2020,Acquisition,24.64
580,06/08/2020,Acquisition,227.88
581,19/08/2020,Acquisition,19.44
582,14/05/2020,Acquisition,3.76
583,14/05/2020,Acquisition,14.7
584,14/05/2020,Acquisition,37.2
585,14/05/2020,Other,89.97
586,14/05/2020,UYoung,261.96
587,14/05/2020,Acquisition,74.0
588,03/06/2020,UYoung,384.76800000000003
589,03/06/2020,Other,78.66
590,03/06/2020,Acquisition,45.36
591,19/09/2020,Acquisition,32.4
592,17/11/2020,Acquisition,1247.64
593,20/12/2020,Acquisition,279.9
594,20/12/2020,Acquisition,50.352
595,20/12/2020,Acquisition,34.02
596,14/05/2020,Acquisition,58.17
597,14/05/2020,Acquisition,5.04
598,14/05/2020,Acquisition,24.784000000000002
599,23/04/2020,Acquisition,11.76
600,23/04/2020,Acquisition,5.343999999999999
601,27/11/2020,Acquisition,6.99
602,27/11/2020,Acquisition,107.42399999999999
603,12/05/2020,UYoung,42.85
604,12/05/2020,Acquisition,6.16
605,12/05/2020,Acquisition,17.0
606,12/05/2020,Other,87.4
607,02/09/2020,Acquisition,10.9
608,02/09/2020,Acquisition,79.92
609,02/09/2020,Acquisition,146.82
610,30/09/2020,Acquisition,164.88
611,18/08/2020,Acquisition,9.912
612,04/09/2020,Acquisition,14.82
613,16/06/2020,Other,479.952
614,16/06/2020,Acquisition,23.92
615,13/11/2020,Other,629.95
616,11/12/2020,Acquisition,14.952
617,11/12/2020,Acquisition,17.94
618,11/12/2020,Other,116.98
619,15/09/2020,UYoung,47.4
620,15/09/2020,UYoung,512.96
621,15/09/2020,Other,395.94
622,15/09/2020,Acquisition,81.96
623,26/06/2020,Acquisition,272.94
624,28/01/2020,Other,449.91
625,25/07/2020,UYoung,20.096
626,25/07/2020,Acquisition,37.751999999999995
627,25/07/2020,UYoung,138.588
628,25/07/2020,Acquisition,259.92
629,25/07/2020,Acquisition,20.736
630,14/09/2020,Acquisition,3.8819999999999997
631,14/09/2020,Other,12.585
632,14/09/2020,UYoung,113.37200000000001
633,14/09/2020,Acquisition,18.312
634,14/09/2020,UYoung,127.936
635,14/09/2020,Other,241.17
636,21/07/2020,Acquisition,17.48
637,10/09/2020,Other,37.056
638,10/09/2020,Other,259.89599999999996
639,18/08/2020,Acquisition,10.782
640,04/04/2020,Acquisition,16.98
641,26/06/2020,Acquisition,102.368
642,26/06/2020,Acquisition,28.4
643,26/06/2020,Acquisition,713.88
644,26/06/2020,Acquisition,68.52
645,19/11/2020,Acquisition,58.408
646,19/11/2020,UYoung,79.97399999999998
647,06/02/2020,Other,227.46
648,06/02/2020,Acquisition,46.24
649,29/01/2020,Acquisition,5.22
650,17/12/2020,Acquisition,166.72
651,17/12/2020,Acquisition,24.816
652,17/12/2020,UYoung,124.36
653,18/07/2020,Other,599.97
654,18/07/2020,UYoung,198.74400000000003
655,18/07/2020,Acquisition,9.184
656,04/02/2020,Acquisition,32.67
657,25/09/2020,Acquisition,8.595
658,25/09/2020,Acquisition,190.896
659,06/11/2020,Acquisition,318.96
660,19/06/2020,UYoung,760.1160000000001
661,19/06/2020,UYoung,38.784
662,19/06/2020,Other,122.32799999999999
663,13/02/2020,Acquisition,17.94
664,11/03/2020,Other,776.85
665,11/03/2020,Acquisition,12.294
666,11/03/2020,UYoung,154.764
667,11/03/2020,Acquisition,43.28
668,29/04/2020,Acquisition,4.91
669,08/10/2020,UYoung,145.764
670,04/05/2020,Acquisition,2.202
671,04/05/2020,Acquisition,9.396
672,21/04/2020,UYoung,908.82
673,09/01/2020,Acquisition,274.491
674,27/01/2020,Other,137.94
675,24/02/2020,Acquisition,123.92
676,24/02/2020,Other,1319.8
677,13/03/2020,Acquisition,30.88
678,13/03/2020,Acquisition,465.16
679,13/03/2020,Acquisition,27.12
680,17/08/2020,UYoung,4416.174
681,22/10/2020,Other,32.7
682,22/10/2020,Acquisition,31.68
683,09/09/2020,Acquisition,25.92
684,09/09/2020,UYoung,66.112
685,10/06/2020,Acquisition,14.13
686,11/05/2020,Acquisition,43.92
687,26/11/2020,Other,979.95
688,26/11/2020,UYoung,135.3
689,05/12/2020,UYoung,41.96
690,05/12/2020,Acquisition,9.45
691,26/10/2020,Other,61.542
692,26/10/2020,Acquisition,81.438
693,16/03/2020,Other,445.44
694,04/12/2020,Acquisition,74.352
695,06/08/2020,Acquisition,70.12
696,10/04/2020,Acquisition,195.104
697,10/04/2020,UYoung,36.672
698,16/11/2020,Other,119.94
699,14/07/2020,Other,1889.9460000000001
700,14/07/2020,Acquisition,62.04
701,14/07/2020,UYoung,396.92
702,14/07/2020,Acquisition,239.456
703,14/07/2020,Acquisition,13.12
704,02/03/2020,Acquisition,59.52
705,02/03/2020,Acquisition,57.96
706,02/03/2020,UYoung,441.96
707,02/03/2020,Acquisition,68.04
708,30/07/2020,Acquisition,76.77600000000002
709,14/12/2020,Other,1199.98
710,14/12/2020,Acquisition,73.85
711,14/12/2020,Acquisition,25.71
712,14/12/2020,Acquisition,17.28
713,14/12/2020,UYoung,526.582
714,03/11/2020,Other,40.775999999999996
715,30/07/2020,Other,89.95
716,13/11/2020,Other,43.6
717,13/11/2020,UYoung,154.95
718,12/08/2020,Acquisition,17.52
719,12/08/2020,UYoung,1779.9
720,12/08/2020,Acquisition,219.9
721,19/09/2020,Acquisition,4.842
722,24/03/2020,Acquisition,47.01
723,24/03/2020,Other,469.99
724,24/03/2020,UYoung,207.84599999999998
725,01/06/2020,Acquisition,324.744
726,08/12/2020,Acquisition,592.74
727,02/03/2020,Acquisition,18.528
728,25/09/2020,Acquisition,24.448
729,23/07/2020,Acquisition,13.92
730,21/06/2020,Acquisition,82.4
731,21/06/2020,Acquisition,6.24
732,21/06/2020,Acquisition,447.84
733,25/08/2020,Acquisition,25.695999999999998
734,17/06/2020,Other,3404.5
735,17/06/2020,Other,101.34
736,15/09/2020,Acquisition,38.62
737,15/09/2020,Other,59.98
738,13/03/2020,Acquisition,174.3
739,20/11/2020,Other,2.97
740,20/11/2020,Other,569.99
741,20/11/2020,UYoung,50.97
742,25/05/2020,Acquisition,663.92
743,25/05/2020,Other,120.0
744,25/05/2020,Acquisition,3.29
745,25/05/2020,UYoung,18.84
746,11/03/2020,Other,63.88
747,11/03/2020,UYoung,26.72
748,28/09/2020,Acquisition,2.655
749,08/11/2020,Acquisition,109.9
750,08/12/2020,UYoung,215.544
751,20/03/2020,Other,238.0
752,20/03/2020,Acquisition,61.96
753,17/11/2020,Acquisition,38.88
754,17/11/2020,UYoung,187.76
755,01/11/2020,Acquisition,189.7
756,01/11/2020,Acquisition,40.99
757,30/06/2020,Acquisition,1085.42
758,13/03/2020,Other,299.9
759,13/11/2020,Acquisition,11.21
760,06/10/2020,Acquisition,143.7
761,06/10/2020,Acquisition,6.48
762,07/11/2020,Other,7.88
763,13/05/2020,Acquisition,299.52
764,03/05/2020,UYoung,32.448
765,03/05/2020,Acquisition,26.388
766,03/05/2020,UYoung,373.47
767,03/05/2020,Acquisition,64.2
768,03/05/2020,Acquisition,8.0
769,23/12/2020,UYoung,27.46
770,02/11/2020,UYoung,155.372
771,08/07/2020,UYoung,83.92
772,08/07/2020,Other,141.9
773,08/07/2020,UYoung,39.98
774,08/07/2020,Acquisition,28.91
775,08/07/2020,Acquisition,174.95
776,12/10/2020,Other,45.0
777,12/10/2020,Acquisition,17.9
778,12/10/2020,UYoung,40.48
779,12/10/2020,UYoung,2154.9
780,08/11/2020,UYoung,274.2
781,23/10/2020,UYoung,240.74400000000003
782,23/10/2020,UYoung,35.0
783,23/10/2020,UYoung,210.68
784,23/10/2020,UYoung,637.896
785,23/10/2020,Acquisition,43.44
786,23/10/2020,Acquisition,2.22
787,09/04/2020,Acquisition,37.896
788,09/04/2020,Acquisition,65.584
789,11/02/2020,Acquisition,20.7
790,04/12/2020,UYoung,12.99
791,04/12/2020,UYoung,182.22
792,04/12/2020,UYoung,302.94
793,16/03/2020,Other,44.37600000000001
794,16/03/2020,UYoung,51.263999999999996
795,16/03/2020,Acquisition,5.193
796,16/03/2020,Other,159.984
797,16/03/2020,Acquisition,54.224
798,03/07/2020,UYoung,102.3
799,09/12/2020,Acquisition,11.088
800,29/01/2020,Acquisition,4.768
801,29/09/2020,Acquisition,7.98
802,18/08/2020,Other,23.18
803,08/09/2020,Acquisition,65.12
804,25/08/2020,UYoung,130.98
805,14/11/2020,Acquisition,96.36
806,16/11/2020,Acquisition,1.824
807,08/12/2020,Acquisition,13.248
808,08/12/2020,Other,83.988
809,09/09/2020,Acquisition,17.712
810,09/09/2020,Acquisition,4.86
811,09/09/2020,Acquisition,6.257999999999999
812,13/12/2020,UYoung,287.976
813,26/10/2020,Acquisition,33.282
814,26/10/2020,Other,118.65
815,26/10/2020,Acquisition,14.76
816,21/03/2020,Acquisition,8.856
817,18/12/2020,Acquisition,7.2360000000000015
818,18/12/2020,Acquisition,4.824
819,18/12/2020,Acquisition,91.36
820,18/12/2020,Acquisition,130.112
821,17/09/2020,Other,480.0
822,17/09/2020,Acquisition,34.05
823,28/10/2020,Acquisition,21.93
824,27/08/2020,Acquisition,12.672
825,27/08/2020,Other,1119.888
826,24/12/2020,Acquisition,19.44
827,24/12/2020,Acquisition,12.3
828,02/12/2020,Acquisition,19.727999999999998
829,02/12/2020,Other,151.188
830,24/03/2020,UYoung,271.764
831,13/05/2020,UYoung,458.43
832,12/07/2020,Acquisition,3.8160000000000003
833,04/12/2020,UYoung,11.352
834,19/01/2020,Other,429.6
835,19/01/2020,UYoung,31.968000000000004
836,19/01/2020,UYoung,887.2710000000003
837,19/01/2020,Acquisition,21.695999999999998
838,28/05/2020,UYoung,27.46
839,28/05/2020,Acquisition,125.13
840,30/09/2020,Acquisition,20.664
841,11/02/2020,UYoung,147.56799999999996
842,21/08/2020,Acquisition,32.088
843,21/08/2020,Acquisition,4305.552
844,01/12/2020,Acquisition,15.936
845,01/12/2020,Acquisition,8.001
846,01/12/2020,UYoung,398.972
847,30/11/2020,UYoung,1079.316
848,17/11/2020,Acquisition,43.8
849,28/05/2020,Acquisition,13.872
850,28/05/2020,UYoung,115.96
851,20/07/2020,Acquisition,13.36
852,20/07/2020,UYoung,163.764
853,20/07/2020,UYoung,183.92
854,17/02/2020,UYoung,455.97
855,17/02/2020,Acquisition,5.715
856,17/02/2020,Other,57.593999999999994
857,17/02/2020,UYoung,30.144000000000002
858,17/02/2020,UYoung,899.43
859,07/11/2020,UYoung,272.97
860,25/12/2020,Other,31.8
861,11/08/2020,Acquisition,25.92
862,19/01/2020,Acquisition,79.92
863,19/01/2020,Acquisition,12.28
864,19/01/2020,Acquisition,542.94
865,19/01/2020,Acquisition,2.04
866,13/04/2020,Acquisition,7.92
867,22/09/2020,Other,1071.0
868,22/09/2020,UYoung,12.07
869,10/12/2020,Acquisition,3.273
870,10/12/2020,UYoung,87.92
871,31/07/2020,Other,285.57599999999996
872,05/11/2020,Acquisition,164.688
873,05/11/2020,UYoung,166.5
874,05/11/2020,Acquisition,12.96
875,05/11/2020,Acquisition,110.96
876,05/11/2020,Other,99.98
877,05/11/2020,Acquisition,11.424000000000001
878,05/11/2020,UYoung,128.124
879,05/11/2020,UYoung,101.4
880,12/10/2020,UYoung,673.3439999999998
881,11/12/2020,Acquisition,6.54
882,07/09/2020,Acquisition,16.9
883,07/09/2020,Acquisition,39.96
884,14/09/2020,Other,1079.85
885,14/09/2020,Acquisition,70.98
886,14/09/2020,Acquisition,29.95
887,14/09/2020,UYoung,589.41
888,25/06/2020,UYoung,400.784
889,14/09/2020,Acquisition,8.56
890,14/09/2020,Acquisition,11.56
891,04/11/2020,Other,70.72
892,04/11/2020,Acquisition,194.352
893,05/12/2020,Acquisition,21.6
894,05/12/2020,Acquisition,11.07
895,16/11/2020,Other,899.982
896,16/11/2020,Acquisition,86.352
897,16/11/2020,Other,139.96
898,04/04/2020,Acquisition,7.04
899,31/07/2020,Acquisition,11.54
900,31/07/2020,Acquisition,849.95
901,31/07/2020,Acquisition,11.01
902,12/11/2020,Acquisition,221.024
903,02/12/2020,Acquisition,286.86
904,02/12/2020,Other,979.95
905,02/12/2020,Acquisition,4.36
906,28/02/2020,Acquisition,9.84
907,28/02/2020,Acquisition,7.78
